01-Interface Essential/15-Filter/filter.svg
03-Computers-Devices-Electronics/12-CD-Rom/cd-rom.svg
04-Programing-Apps-Websites/02-Plugins-Modules/module-four.svg
04-Programing-Apps-Websites/08-Databases/database-bug.svg
04-Programing-Apps-Websites/08-Databases/database-question.svg
04-Programing-Apps-Websites/08-Databases/database-settings.svg
04-Programing-Apps-Websites/08-Databases/database.svg
04-Programing-Apps-Websites/08-Databases/database-lock.svg
04-Programing-Apps-Websites/08-Databases/database-check.svg
04-Programing-Apps-Websites/08-Databases/database-flash.svg
04-Programing-Apps-Websites/08-Databases/database-2.svg
04-Programing-Apps-Websites/08-Databases/database-refresh.svg
04-Programing-Apps-Websites/08-Databases/database-hand.svg
04-Programing-Apps-Websites/08-Databases/database-1.svg
04-Programing-Apps-Websites/08-Databases/database-share-1.svg
04-Programing-Apps-Websites/08-Databases/database-warning.svg
04-Programing-Apps-Websites/08-Databases/database-hierarchy.svg
04-Programing-Apps-Websites/08-Databases/database-search.svg
04-Programing-Apps-Websites/08-Databases/database-sync.svg
04-Programing-Apps-Websites/08-Databases/database-heart.svg
04-Programing-Apps-Websites/08-Databases/database-edit.svg
04-Programing-Apps-Websites/08-Databases/database-cash.svg
04-Programing-Apps-Websites/08-Databases/database-disable.svg
04-Programing-Apps-Websites/08-Databases/database-star.svg
04-Programing-Apps-Websites/08-Databases/database-add.svg
04-Programing-Apps-Websites/08-Databases/database-connect.svg
04-Programing-Apps-Websites/08-Databases/database-key.svg
04-Programing-Apps-Websites/08-Databases/database-share.svg
04-Programing-Apps-Websites/08-Databases/database-clock.svg
04-Programing-Apps-Websites/08-Databases/database-monitor-sync.svg
04-Programing-Apps-Websites/12-Apps/app-window-music.svg
06-Business-Products/03-Business-Methaphors/business-piggy-bank-broken.svg
07-Work-Office-Companies/03-Video-Meetings/meeting-monitor-webcam.svg
08-Money-Payments-Finance/07-Cash-Payments/cash-payment-coin-stash.svg
08-Money-Payments-Finance/06-Crypto-Currencies/crypto-currency-bitcoin-coins.svg
08-Money-Payments-Finance/02-Money/accounting-coins-stack.svg
08-Money-Payments-Finance/02-Money/accounting-coins-bill.svg
08-Money-Payments-Finance/04-Finance-Savings/saving-piggy-coins.svg
09-Shopping-Ecommerce/10-Products/products-briefcase.svg
12-Design/06-Shapes/shape-cylinder.svg
12-Design/06-Shapes/shape-triangle.svg
12-Design/05-Colors-Painting/color-bucket.svg
12-Design/05-Colors-Painting/color-bucket-brush.svg
12-Design/17-Design-Files/design-file-pyramid.svg
13-Images-Photography/10-Lenses/lens-horizontal.svg
13-Images-Photography/18-Image-Files/image-file-sync.svg
13-Images-Photography/06-Pictures-Frames/photo-frame-hang-1.svg
13-Images-Photography/09-Masks/mask-oval.svg
14-Music-Audio/03-Vinyl-Records/vinyl-record-player-2.svg
14-Music-Audio/14-Modern-Music/modern-music-dj.svg
14-Music-Audio/12-Microphone/microphone-stage.svg
18-Avatars/07-Geometric-Men-History/history-man-chinese-elder.svg
18-Avatars/06-Geometric-Men-Religion/religion-man-indian.svg
18-Avatars/31-Natural-Women-History/history-woman-aviator.svg
18-Avatars/25-Natural-Women-People/people-woman-glasses-1.svg
18-Avatars/25-Natural-Women-People/people-woman-5.svg
18-Avatars/09-Geometric-Women-People/people-woman-glasses-2.svg
18-Avatars/09-Geometric-Women-People/people-woman-4.svg
18-Avatars/23-Natural-Men-History/history-man-aviator.svg
21-Messages-Chat-Smileys/05-Smileys/smiley-petrified.svg
22-Social-Medias-Rewards-Rating/05-Love-it/love-it-angel.svg
23-Travel/02-Passports/passport-globe.svg
23-Travel/02-Passports/passport-ticket.svg
23-Travel/03-Baggage/baggage-check.svg
24-Hotels-Spas/09-Spas/spa-stone.svg
24-Hotels-Spas/05-Bathroom/bathroom-mirror.svg
25-Wayfinding/14-Cleaning/cleaning-robot.svg
25-Wayfinding/09-Toilets/toilet-paper-1.svg
25-Wayfinding/09-Toilets/toilet-paper.svg
26-Food-Drinks/15-Exotic-food/exotic-food-samosa.svg
26-Food-Drinks/15-Exotic-food/exotic-food-samosa-1.svg
26-Food-Drinks/15-Exotic-food/exotic-food-passion-fruit.svg
26-Food-Drinks/22-Kitchenware/kitchenware-ladle-hot.svg
26-Food-Drinks/03-Breakfast/breakfast-cereal-bowl.svg
26-Food-Drinks/16-Chef-gear/chef-gear-taco-plate.svg
26-Food-Drinks/16-Chef-gear/chef-gear-tea-cookies.svg
26-Food-Drinks/16-Chef-gear/chef-gear-tacos.svg
26-Food-Drinks/23-water/water-glass-half-full.svg
26-Food-Drinks/23-water/water-glass.svg
26-Food-Drinks/20-Stove/stove-induction.svg
26-Food-Drinks/30-Wine/wine-barrel-1.svg
26-Food-Drinks/09-Fruit/fruit-watermelon.svg
26-Food-Drinks/02-Bread/bread-gluten-free.svg
26-Food-Drinks/06-Pasta-Meal/pasta-bowl-warm.svg
26-Food-Drinks/06-Pasta-Meal/meal-can.svg
26-Food-Drinks/31-Beer/beer-half-glass.svg
26-Food-Drinks/27-Coffee/coffee-cup-hot.svg
26-Food-Drinks/26-Teas/tea-kettle-1.svg
26-Food-Drinks/10-Vegetables/vegetables-mushroom-soup.svg
27-Furnitures-Decoration/08-Night-Stands/night-stand.svg
27-Furnitures-Decoration/01-Armchairs/armchair-hanging.svg
27-Furnitures-Decoration/11-Kitchen/kitchen-shelf.svg
29-Clothes-Footwear-Accessories/09-Accessories/accessories-necklace.svg
29-Clothes-Footwear-Accessories/01-Hats/hat-retro.svg
31-Ecology/15-GMO-Chemical-Food/gmo-food-chicken-leg.svg
32-Nature-Farming/05-Trees/tree-log.svg
33-Pets-Animals/29-Flying-Insect/flying-insect-bees.svg
33-Pets-Animals/12-Wild-Birds/wild-bird-woodpecker.svg
33-Pets-Animals/28-Insects/insect-colony.svg
33-Pets-Animals/28-Insects/insect-cricket.svg
33-Pets-Animals/28-Insects/insect-head.svg
33-Pets-Animals/28-Insects/insect-catch.svg
33-Pets-Animals/28-Insects/insect-earth.svg
33-Pets-Animals/03-Dogs/dog-poodle.svg
33-Pets-Animals/03-Dogs/dog-head.svg
33-Pets-Animals/14-Livestock/livestock-lamb-1.svg
33-Pets-Animals/08-Mice-Rats/mouse.svg
33-Pets-Animals/27-Spiders/spider-web.svg
33-Pets-Animals/27-Spiders/spider.svg
33-Pets-Animals/16-Rodents/otter.svg
33-Pets-Animals/23-Koala/koala-bamboo.svg
33-Pets-Animals/19-Lion-Tigers/lion-footprint.svg
33-Pets-Animals/19-Lion-Tigers/tiger-footprint.svg
33-Pets-Animals/30-Amphibians/amphibian-foot.svg
33-Pets-Animals/01-Pets/pets-paw.svg
33-Pets-Animals/01-Pets/pets-paw-can.svg
33-Pets-Animals/07-Animals-Prints/animal-print-paw.svg
33-Pets-Animals/07-Animals-Prints/animal-print-paw-1.svg
34-Weather/01-Natural-Disasters/natural-disaster-hurricane-map.svg
34-Weather/01-Natural-Disasters/natural-disaster-hurricane-radar.svg
35-Health-Beauty/28-Bodycare/body-care-mask.svg
35-Health-Beauty/28-Bodycare/body-care-perfume.svg
35-Health-Beauty/28-Bodycare/body-care-perfume-1.svg
35-Health-Beauty/11-Medical-Instruments/medical-instrument-ambulance-bed.svg
35-Health-Beauty/30-Hair-Dress/hair-dress-round-brush_1.svg
35-Health-Beauty/17-Blood/blood-drop-type-positive.svg
35-Health-Beauty/17-Blood/blood-drop-type-negative.svg
35-Health-Beauty/08-Medical-Apps/medical-app-smartphone-1.svg
35-Health-Beauty/25-Dietetics/diet-health.svg
35-Health-Beauty/19-Dentistry/dentistry-tooth-mirror.svg
35-Health-Beauty/24-Fertility-Pregnancy/pregnancy-eggs.svg
35-Health-Beauty/24-Fertility-Pregnancy/pregnancy-sperm.svg
35-Health-Beauty/29-Makeup/make-up-mirror.svg
36-School-Learning/05-Audio Books/audio-book-art.svg
37-Science/04-Space Exploration/space-moon-flag.svg
37-Science/01-Science/science-brain.svg
37-Science/01-Science/science-molecule.svg
37-Science/01-Science/science-black-hole.svg
38-Culture-Religion/01-History-Folklore/history-sphinx.svg
38-Culture-Religion/03-Religion/religion-angel.svg
39-Romance/02-Dating/dating-rose-vase.svg
40-Family-Babies-Kids/05-Toys/toys-balloon.svg
41-Holidays/01-Chrismas-New-Year/christmas-sock.svg
41-Holidays/01-Chrismas-New-Year/christmas-bells-1.svg
41-Holidays/01-Chrismas-New-Year/christmas-flower.svg
41-Holidays/02-Halloween/halloween-spider.svg
42-Sports/08-Golf/golf-hole.svg
42-Sports/08-Golf/golf-hole-ball.svg
42-Sports/08-Golf/golf-player.svg
42-Sports/04-Rugby-American-Football/american-football-ball.svg
42-Sports/04-Rugby-American-Football/american-football-goal.svg
42-Sports/07-Tennis-Badminton/tennis-player.svg
42-Sports/07-Tennis-Badminton/tennis-backhand.svg
42-Sports/07-Tennis-Badminton/ping-pong-player.svg
42-Sports/07-Tennis-Badminton/badminton-player.svg
42-Sports/14-Gymnastics/gymnastics-trampoline.svg
42-Sports/20-Martial-Arts/martial-arts-fencing-person.svg
42-Sports/20-Martial-Arts/martial-arts-helmet.svg
42-Sports/20-Martial-Arts/martial-arts-mask-helmet.svg
42-Sports/23-Various-Sport/sport-curling-1.svg
42-Sports/05-Baseball-Ball-Games/baseball-score.svg
42-Sports/24-Olympics-Paralympics-Games/paralympics-tennis.svg
43-Outdoors-Recreation/05-Canoe/canoe-1.svg
44-Entertainment-Event-Hobbies/09-Crafts/crafts-pottery.svg
44-Entertainment-Event-Hobbies/04-Party/party-confetti.svg
44-Entertainment-Event-Hobbies/04-Party/party-balloons.svg
44-Entertainment-Event-Hobbies/03-Casino/casino-777-winner.svg
44-Entertainment-Event-Hobbies/03-Casino/casino-chips-double-1.svg
44-Entertainment-Event-Hobbies/08-Show-Theater/show-hat-magician-1.svg
44-Entertainment-Event-Hobbies/10-Concerts-Night-Clubs/night-club-disco-ball.svg
44-Entertainment-Event-Hobbies/10-Concerts-Night-Clubs/concert-dj.svg
44-Entertainment-Event-Hobbies/05-Amusement-Parks/amusement-park-entrance.svg
44-Entertainment-Event-Hobbies/05-Amusement-Parks/amusement-park-balloon.svg
45-Video-Games/01-Famous-Video-Games/video-game-sonic.svg
45-Video-Games/01-Famous-Video-Games/video-game-mario-tree-1.svg
45-Video-Games/01-Famous-Video-Games/video-game-sling.svg
45-Video-Games/05-Famous-Character/famous-character-batman.svg
45-Video-Games/05-Famous-Character/famous-character-cat.svg
45-Video-Games/05-Famous-Character/famous-character-lorax.svg
46-Crime-War-Protection/04-Protection/protection-mask.svg
46-Crime-War-Protection/01-Bombs/bomb-explosive-belt.svg
46-Crime-War-Protection/09-Police/police-hat-7.svg
46-Crime-War-Protection/06-Crime/crime-seal-forfeit.svg
47-Transportation/03-Scooters-Bikes/scooter-1.svg
47-Transportation/26-Aircraft/aircraft-hot-air-balloon-1.svg
48-Maps-Navigation/10-Pins-Style One/style-one-pin-train-1.svg
48-Maps-Navigation/12-Pins-Style Three/style-three-pin-kayak-1.svg
50-Landmarks/06-Landmarks-Europe/landmark-colosseum.svg
53-Logos/16-Search Engines/search-engine-bing.svg
53-Logos/01-Social Medias/social-media-google-plus-2.svg
53-Logos/01-Social Medias/social-media-reddit.svg
53-Logos/19-Developer Communities/developer-community-github.svg
53-Logos/03-Photos-Images/social-500px.svg
53-Logos/23-Travel/travel-tripit.svg
